X,Y,R,G,B,Temperature_C
0,0,231,212,191,1500.0
0,1,231,212,191,1499.1089108910892
0,2,231,212,191,1498.2178217821781
0,3,231,212,191,1497.3267326732673
0,4,231,212,191,1496.4356435643565
0,5,231,209,188,1495.5445544554455
0,6,231,209,188,1494.6534653465346
0,7,231,209,188,1493.7623762376238
0,8,231,209,188,1492.8712871287128
0,9,231,206,184,1491.980198019802
0,10,231,206,184,1491.0891089108911
0,11,231,206,184,1490.1980198019803
0,12,231,206,184,1489.3069306930693
0,13,231,203,181,1488.4158415841584
0,14,231,203,181,1487.5247524752476
0,15,231,203,181,1486.6336633663366
0,16,231,203,181,1485.7425742574258
0,17,231,200,177,1484.851485148515
0,18,231,200,177,1483.960396039604
0,19,231,200,177,1483.069306930693
0,20,231,200,177,1482.1782178217823
0,21,231,200,177,1481.2871287128712
0,22,231,197,173,1480.3960396039604
0,23,231,197,173,1479.5049504950496
0,24,231,197,173,1478.6138613861385
0,25,231,197,173,1477.7227722772277
0,26,231,194,170,1476.8316831683169
0,27,231,194,170,1475.9405940594058
0,28,231,194,170,1475.049504950495
0,29,231,194,170,1474.1584158415842
0,30,231,191,167,1473.2673267326732
0,31,231,191,167,1472.3762376237623
0,32,231,191,167,1471.4851485148515
0,33,231,191,167,1470.5940594059407
0,34,231,188,163,1469.7029702970297
0,35,231,188,163,1468.8118811881188
0,36,231,188,163,1467.920792079208
0,37,231,188,163,1467.029702970297
0,38,231,185,160,1466.1386138613861
0,39,231,185,160,1465.2475247524753
0,40,231,185,160,1464.3564356435643
0,41,231,185,160,1463.4653465346535
0,42,231,185,160,1462.5742574257426
0,43,231,182,156,1461.6831683168316
0,44,231,182,156,1460.7920792079208
0,45,231,182,156,1459.90099009901
0,46,231,182,156,1459.009900990099
0,47,231,178,153,1458.118811881188
0,48,231,178,153,1457.2277227722773
0,49,231,178,153,1456.3366336633662
0,50,231,178,153,1455.4455445544554
0,51,231,174,150,1454.5544554455446
0,52,231,174,150,1453.6633663366338
0,53,231,174,150,1452.7722772277227
0,54,231,174,150,1451.881188118812
0,55,231,170,147,1450.990099009901
0,56,231,170,147,1450.09900990099
0,57,231,170,147,1449.2079207920792
0,58,231,170,147,1448.3168316831684
0,59,231,166,144,1447.4257425742574
0,60,231,166,144,1446.5346534653465
0,61,231,166,144,1445.6435643564357
0,62,231,166,144,1444.7524752475247
0,63,231,166,144,1443.8613861386139
0,64,231,162,141,1442.970297029703
0,65,231,162,141,1442.079207920792
0,66,231,162,141,1441.1881188118812
0,67,231,162,141,1440.2970297029703
0,68,231,157,138,1439.4059405940593
0,69,231,157,138,1438.5148514851485
0,70,231,157,138,1437.6237623762377
0,71,231,157,138,1436.7326732673266
0,72,231,153,136,1435.8415841584158
0,73,231,153,136,1434.950495049505
0,74,231,153,136,1434.0594059405942
0,75,231,153,136,1433.1683168316831
0,76,231,148,133,1432.2772277227723
0,77,231,148,133,1431.3861386138615
0,78,231,148,133,1430.4950495049504
0,79,231,148,133,1429.6039603960396
0,80,231,148,133,1428.7128712871288
0,81,231,143,130,1427.8217821782177
0,82,231,143,130,1426.930693069307
0,83,231,143,130,1426.039603960396
0,84,231,143,130,1425.148514851485
0,85,231,139,128,1424.2574257425742
0,86,231,139,128,1423.3663366336634
0,87,231,139,128,1422.4752475247524
0,88,231,139,128,1421.5841584158416
0,89,231,135,125,1420.6930693069307
0,90,231,135,125,1419.80198019802
0,91,231,135,125,1418.9108910891089
0,92,231,135,125,1418.019801980198
0,93,231,131,123,1417.1287128712872
0,94,231,131,123,1416.2376237623762
0,95,231,131,123,1415.3465346534654
0,96,231,131,123,1414.4554455445545
0,97,231,126,121,1413.5643564356435
0,98,231,126,121,1412.6732673267327
0,99,231,126,121,1411.7821782178219
0,100,231,126,121,1410.8910891089108
0,101,231,126,121,1410.0
0,102,231,122,119,1409.1089108910892
0,103,231,122,119,1408.2178217821781
0,104,231,122,119,1407.3267326732673
0,105,231,122,119,1406.4356435643565
0,106,231,117,116,1405.5445544554455
0,107,231,117,116,1404.6534653465346
0,108,231,117,116,1403.7623762376238
0,109,231,117,116,1402.871287128713
0,110,231,113,114,1401.980198019802
0,111,231,113,114,1401.0891089108911
0,112,231,113,114,1400.19801980198
0,113,231,113,114,1399.3069306930693
0,114,231,109,112,1398.4158415841584
0,115,231,109,112,1397.5247524752476
0,116,231,109,112,1396.6336633663366
0,117,231,109,112,1395.7425742574258
0,118,231,105,110,1394.851485148515
0,119,231,105,110,1393.960396039604
0,120,231,105,110,1393.069306930693
0,121,231,105,110,1392.1782178217823
0,122,231,105,110,1391.2871287128712
0,123,231,102,108,1390.3960396039604
0,124,231,102,108,1389.5049504950496
0,125,231,102,108,1388.6138613861385
0,126,231,102,108,1387.7227722772277
0,127,231,98,106,1386.8316831683169
0,128,231,98,106,1385.9405940594058
0,129,231,98,106,1385.049504950495
0,130,231,98,106,1384.1584158415842
0,131,231,95,104,1383.2673267326732
0,132,231,95,104,1382.3762376237623
0,133,231,95,104,1381.4851485148515
0,134,231,95,104,1380.5940594059407
0,135,231,91,102,1379.7029702970297
0,136,231,91,102,1378.8118811881188
0,137,231,91,102,1377.920792079208
0,138,231,91,102,1377.029702970297
0,139,231,91,102,1376.1386138613861
0,140,231,88,100,1375.2475247524753
0,141,231,88,100,1374.3564356435643
0,142,231,88,100,1373.4653465346535
0,143,231,88,100,1372.5742574257426
0,144,231,84,98,1371.6831683168316
0,145,231,84,98,1370.7920792079208
0,146,231,84,98,1369.90099009901
0,147,231,84,98,1369.0099009900991
0,148,231,80,97,1368.118811881188
0,149,231,80,97,1367.2277227722773
0,150,231,80,97,1366.3366336633662
0,151,231,80,97,1365.4455445544554
0,152,231,76,95,1364.5544554455446
0,153,231,76,95,1363.6633663366338
0,154,231,76,95,1362.7722772277227
0,155,231,76,95,1361.881188118812
0,156,231,72,93,1360.990099009901
0,157,231,72,93,1360.09900990099
0,158,231,72,93,1359.2079207920792
0,159,231,72,93,1358.3168316831684
0,160,231,72,93,1357.4257425742574
0,161,231,68,92,1356.5346534653465
0,162,231,68,92,1355.6435643564357
0,163,231,68,92,1354.7524752475247
0,164,231,68,92,1353.8613861386139
0,165,231,63,90,1352.970297029703
0,166,231,63,90,1352.079207920792
0,167,231,63,90,1351.1881188118812
0,168,231,63,90,1350.2970297029703
0,169,231,59,89,1349.4059405940593
0,170,231,59,89,1348.5148514851485
0,171,231,59,89,1347.6237623762377
0,172,231,59,89,1346.7326732673268
0,173,231,54,87,1345.8415841584158
0,174,231,54,87,1344.950495049505
0,175,231,54,87,1344.0594059405942
0,176,231,54,87,1343.1683168316831
0,177,231,50,85,1342.2772277227723
0,178,231,50,85,1341.3861386138615
0,179,231,50,85,1340.4950495049504
0,180,231,50,85,1339.6039603960396
0,181,231,50,85,1338.7128712871288
0,182,231,45,83,1337.8217821782177
0,183,231,45,83,1336.930693069307
0,184,231,45,83,1336.039603960396
0,185,231,45,83,1335.148514851485
0,186,231,41,81,1334.2574257425742
0,187,231,41,81,1333.3663366336634
0,188,231,41,81,1332.4752475247524
0,189,231,41,81,1331.5841584158416
0,190,231,37,80,1330.6930693069307
0,191,231,37,80,1329.80198019802
0,192,231,37,80,1328.9108910891089
0,193,231,37,80,1328.019801980198
0,194,231,34,78,1327.128712871287
0,195,231,34,78,1326.2376237623762
0,196,231,34,78,1325.3465346534654
0,197,231,34,78,1324.4554455445545
0,198,231,31,76,1323.5643564356435
0,199,231,31,76,1322.6732673267327
0,200,231,31,76,1321.7821782178219
0,201,231,31,76,1320.8910891089108
0,202,231,31,76,1320.0
0,203,231,29,74,1319.1089108910892
0,204,231,29,74,1318.2178217821781
0,205,231,29,74,1317.3267326732673
0,206,231,29,74,1316.4356435643565
0,207,231,27,73,1315.5445544554455
0,208,231,27,73,1314.6534653465346
0,209,231,27,73,1313.7623762376238
0,210,231,27,73,1312.871287128713
0,211,231,25,71,1311.980198019802
0,212,231,25,71,1311.0891089108911
0,213,231,25,71,1310.19801980198
0,214,231,25,71,1309.3069306930693
0,215,231,23,69,1308.4158415841584
0,216,231,23,69,1307.5247524752476
0,217,231,23,69,1306.6336633663366
0,218,231,23,69,1305.7425742574258
0,219,231,23,69,1304.851485148515
0,220,231,22,67,1303.960396039604
0,221,231,22,67,1303.069306930693
0,222,231,22,67,1302.1782178217823
0,223,231,22,67,1301.2871287128712
0,224,231,22,65,1300.3960396039604
0,225,231,22,65,1299.5049504950496
0,226,231,22,65,1298.6138613861385
0,227,231,22,65,1297.7227722772277
0,228,231,23,63,1296.8316831683169
0,229,231,23,63,1295.9405940594058
0,230,231,23,63,1295.049504950495
0,231,231,23,63,1294.1584158415842
0,232,231,23,61,1293.2673267326732
0,233,231,23,61,1292.3762376237623
0,234,231,23,61,1291.4851485148515
0,235,231,23,61,1290.5940594059407
0,236,231,24,60,1289.7029702970297
0,237,231,24,60,1288.8118811881188
0,238,231,24,60,1287.920792079208
0,239,231,24,60,1287.029702970297
0,240,231,24,60,1286.1386138613861
0,241,231,24,59,1285.2475247524753
0,242,231,24,59,1284.3564356435643
0,243,231,24,59,1283.4653465346535
0,244,231,24,59,1282.5742574257426
0,245,231,25,57,1281.6831683168316
0,246,231,25,57,1280.7920792079208
0,247,231,25,57,1279.90099009901
0,248,231,25,57,1279.0099009900991
0,249,231,26,56,1278.118811881188
0,250,231,26,56,1277.2277227722773
0,251,231,26,56,1276.3366336633662
0,252,231,26,56,1275.4455445544554
0,253,231,27,55,1274.5544554455446
0,254,231,27,55,1273.6633663366338
0,255,231,27,55,1272.7722772277227
0,256,231,27,55,1271.881188118812
0,257,231,29,54,1270.9900990099009
0,258,231,29,54,1270.09900990099
0,259,231,29,54,1269.2079207920792
0,260,231,29,54,1268.3168316831684
0,261,231,29,54,1267.4257425742574
0,262,231,31,53,1266.5346534653465
0,263,231,31,53,1265.6435643564357
0,264,231,31,53,1264.7524752475247
0,265,231,31,53,1263.8613861386139
0,266,231,34,52,1262.970297029703
0,267,231,34,52,1262.079207920792
0,268,231,34,52,1261.1881188118812
0,269,231,34,52,1260.2970297029703
0,270,231,36,51,1259.4059405940593
0,271,231,36,51,1258.5148514851485
0,272,231,36,51,1257.6237623762377
0,273,231,36,51,1256.7326732673266
0,274,231,39,50,1255.8415841584158
0,275,231,39,50,1254.950495049505
0,276,231,39,50,1254.059405940594
0,277,231,39,50,1253.1683168316831
0,278,231,39,50,1252.2772277227723
0,279,231,43,49,1251.3861386138615
0,280,231,43,49,1250.4950495049504
0,281,231,43,49,1249.6039603960396
0,282,231,43,49,1248.7128712871286
0,283,231,47,47,1247.8217821782177
0,284,231,47,47,1246.930693069307
0,285,231,47,47,1246.039603960396
0,286,231,47,47,1245.1485148514853
0,287,231,51,46,1244.2574257425742
0,288,231,51,46,1243.3663366336634
0,289,231,51,46,1242.4752475247524
0,290,231,51,46,1241.5841584158416
0,291,231,56,44,1240.6930693069307
0,292,231,56,44,1239.80198019802
0,293,231,56,44,1238.9108910891089
0,294,231,56,44,1238.019801980198
0,295,231,60,43,1237.128712871287
0,296,231,60,43,1236.2376237623762
0,297,231,60,43,1235.3465346534654
0,298,231,60,43,1234.4554455445545
0,299,231,60,43,1233.5643564356435
0,300,231,65,42,1232.6732673267327
0,301,231,65,42,1231.7821782178219
0,302,231,65,42,1230.8910891089108
0,303,231,65,42,1230.0
0,304,231,69,40,1229.1089108910892
0,305,231,69,40,1228.2178217821784
0,306,231,69,40,1227.3267326732673
0,307,231,69,40,1226.4356435643565
0,308,231,74,39,1225.5445544554455
0,309,231,74,39,1224.6534653465346
0,310,231,74,39,1223.7623762376238
0,311,231,74,39,1222.871287128713
0,312,231,79,38,1221.980198019802
0,313,231,79,38,1221.0891089108911
0,314,231,79,38,1220.19801980198
0,315,231,79,38,1219.3069306930693
0,316,231,84,37,1218.4158415841584
0,317,231,84,37,1217.5247524752476
0,318,231,84,37,1216.6336633663366
0,319,231,84,37,1215.7425742574258
0,320,231,84,37,1214.8514851485147
0,321,231,89,35,1213.960396039604
0,322,231,89,35,1213.069306930693
0,323,231,89,35,1212.1782178217823
0,324,231,89,35,1211.2871287128712
0,325,231,94,34,1210.3960396039604
0,326,231,94,34,1209.5049504950496
0,327,231,94,34,1208.6138613861385
0,328,231,94,34,1207.7227722772277
0,329,231,99,33,1206.8316831683169
0,330,231,99,33,1205.940594059406
0,331,231,99,33,1205.049504950495
0,332,231,99,33,1204.1584158415842
0,333,231,104,32,1203.2673267326732
0,334,231,104,32,1202.3762376237623
0,335,231,104,32,1201.4851485148515
0,336,231,104,32,1200.5940594059407
0,337,231,109,31,1199.7029702970297
0,338,231,109,31,1198.8118811881188
0,339,231,109,31,1197.9207920792078
0,340,231,109,31,1197.029702970297
0,341,231,109,31,1196.1386138613861
0,342,231,113,29,1195.2475247524753
0,343,231,113,29,1194.3564356435643
0,344,231,113,29,1193.4653465346535
0,345,231,113,29,1192.5742574257424
0,346,231,118,28,1191.6831683168316
0,347,231,118,28,1190.7920792079208
0,348,231,118,28,1189.90099009901
0,349,231,118,28,1189.0099009900991
0,350,231,122,27,1188.118811881188
0,351,231,122,27,1187.2277227722773
0,352,231,122,27,1186.3366336633662
0,353,231,122,27,1185.4455445544554
0,354,231,126,25,1184.5544554455446
0,355,231,126,25,1183.6633663366338
0,356,231,126,25,1182.7722772277227
0,357,231,126,25,1181.881188118812
0,358,231,126,25,1180.990099009901
0,359,231,130,24,1180.09900990099
0,360,231,130,24,1179.2079207920792
0,361,231,130,24,1178.3168316831684
0,362,231,130,24,1177.4257425742574
0,363,231,133,23,1176.5346534653465
0,364,231,133,23,1175.6435643564357
0,365,231,133,23,1174.7524752475247
0,366,231,133,23,1173.8613861386139
0,367,231,136,22,1172.970297029703
0,368,231,136,22,1172.0792079207922
0,369,231,136,22,1171.1881188118812
0,370,231,136,22,1170.2970297029703
0,371,231,139,22,1169.4059405940593
0,372,231,139,22,1168.5148514851485
0,373,231,139,22,1167.6237623762377
0,374,231,139,22,1166.7326732673268
0,375,231,142,21,1165.8415841584158
0,376,231,142,21,1164.950495049505
0,377,231,142,21,1164.059405940594
0,378,231,142,21,1163.1683168316831
0,379,231,142,21,1162.2772277227723
0,380,231,144,20,1161.3861386138615
0,381,231,144,20,1160.4950495049504
0,382,231,144,20,1159.6039603960396
0,383,231,144,20,1158.7128712871288
0,384,231,147,20,1157.8217821782177
0,385,231,147,20,1156.930693069307
0,386,231,147,20,1156.039603960396
0,387,231,147,20,1155.148514851485
0,388,231,149,19,1154.2574257425742
0,389,231,149,19,1153.3663366336634
0,390,231,149,19,1152.4752475247524
0,391,231,149,19,1151.5841584158416
0,392,230,151,19,1150.6930693069307
0,393,230,151,19,1149.80198019802
0,394,230,151,19,1148.9108910891089
0,395,230,151,19,1148.019801980198
0,396,230,153,18,1147.128712871287
0,397,230,153,18,1146.2376237623762
0,398,230,153,18,1145.3465346534654
0,399,230,153,18,1144.4554455445545
0,400,230,153,18,1143.5643564356435
0,401,230,155,18,1142.6732673267327
0,402,230,155,18,1141.7821782178216
0,403,230,155,18,1140.8910891089108
0,404,230,155,18,1140.0
0,405,229,158,17,1139.1089108910892
0,406,229,158,17,1138.2178217821781
0,407,229,158,17,1137.3267326732673
0,408,229,158,17,1136.4356435643565
0,409,229,160,16,1135.5445544554455
0,410,229,160,16,1134.6534653465346
0,411,229,160,16,1133.7623762376238
0,412,229,160,16,1132.871287128713
0,413,229,163,15,1131.980198019802
0,414,229,163,15,1131.0891089108911
0,415,229,163,15,1130.19801980198
0,416,229,163,15,1129.3069306930693
0,417,229,163,15,1128.4158415841584
0,418,228,165,15,1127.5247524752476
0,419,228,165,15,1126.6336633663366
0,420,228,165,15,1125.7425742574258
0,421,228,165,15,1124.851485148515
0,422,227,167,14,1123.960396039604
0,423,227,167,14,1123.069306930693
0,424,227,167,14,1122.1782178217823
0,425,227,167,14,1121.2871287128714
0,426,227,170,13,1120.3960396039604
0,427,227,170,13,1119.5049504950496
0,428,227,170,13,1118.6138613861385
0,429,227,170,13,1117.7227722772277
0,430,226,172,12,1116.8316831683169
0,431,226,172,12,1115.940594059406
0,432,226,172,12,1115.049504950495
0,433,226,172,12,1114.1584158415842
0,434,225,174,12,1113.2673267326732
0,435,225,174,12,1112.3762376237623
0,436,225,174,12,1111.4851485148515
0,437,225,174,12,1110.5940594059407
0,438,225,174,12,1109.7029702970297
0,439,225,175,11,1108.8118811881188
0,440,225,175,11,1107.9207920792078
0,441,225,175,11,1107.029702970297
0,442,225,175,11,1106.1386138613861
0,443,224,177,10,1105.2475247524753
0,444,224,177,10,1104.3564356435643
0,445,224,177,10,1103.4653465346535
0,446,224,177,10,1102.5742574257426
0,447,223,178,10,1101.6831683168316
0,448,223,178,10,1100.7920792079208
0,449,223,178,10,1099.90099009901
0,450,223,178,10,1099.0099009900991
0,451,222,180,10,1098.118811881188
0,452,222,180,10,1097.2277227722773
0,453,222,180,10,1096.3366336633662
0,454,222,180,10,1095.4455445544554
0,455,222,181,9,1094.5544554455446
0,456,222,181,9,1093.6633663366338
0,457,222,181,9,1092.7722772277227
0,458,222,181,9,1091.881188118812
0,459,222,181,9,1090.9900990099009
0,460,221,183,9,1090.09900990099
0,461,221,183,9,1089.2079207920792
0,462,221,183,9,1088.3168316831684
0,463,221,183,9,1087.4257425742574
0,464,220,184,8,1086.5346534653465
0,465,220,184,8,1085.6435643564355
0,466,220,184,8,1084.7524752475247
0,467,220,184,8,1083.8613861386139
0,468,219,185,8,1082.970297029703
0,469,219,185,8,1082.079207920792
0,470,219,185,8,1081.1881188118812
0,471,219,185,8,1080.2970297029703
0,472,218,186,7,1079.4059405940593
0,473,218,186,7,1078.5148514851485
0,474,218,186,7,1077.6237623762377
0,475,218,186,7,1076.7326732673268
0,476,218,186,7,1075.8415841584158
0,477,217,187,7,1074.950495049505
0,478,217,187,7,1074.0594059405942
0,479,217,187,7,1073.1683168316831
0,480,217,187,7,1072.2772277227723
0,481,216,188,7,1071.3861386138615
0,482,216,188,7,1070.4950495049504
0,483,216,188,7,1069.6039603960396
0,484,216,188,7,1068.7128712871288
0,485,215,188,6,1067.8217821782177
0,486,215,188,6,1066.930693069307
0,487,215,188,6,1066.039603960396
0,488,215,188,6,1065.1485148514853
0,489,214,189,6,1064.2574257425742
0,490,214,189,6,1063.3663366336634
0,491,214,189,6,1062.4752475247524
0,492,214,189,6,1061.5841584158416
0,493,213,190,6,1060.6930693069307
0,494,213,190,6,1059.80198019802
0,495,213,190,6,1058.9108910891089
0,496,213,190,6,1058.019801980198
0,497,213,190,6,1057.128712871287
0,498,212,190,5,1056.2376237623762
0,499,212,190,5,1055.3465346534654
0,500,212,190,5,1054.4554455445545
0,501,212,190,5,1053.5643564356435
0,502,211,191,5,1052.6732673267327
0,503,211,191,5,1051.7821782178219
0,504,211,191,5,1050.8910891089108
0,505,211,191,5,1050.0
0,506,210,191,5,1049.1089108910892
0,507,210,191,5,1048.2178217821781
0,508,210,191,5,1047.3267326732673
0,509,210,191,5,1046.4356435643565
0,510,209,192,4,1045.5445544554455
0,511,209,192,4,1044.6534653465346
0,512,209,192,4,1043.7623762376238
0,513,209,192,4,1042.871287128713
0,514,207,192,4,1041.980198019802
0,515,207,192,4,1041.0891089108911
0,516,207,192,4,1040.19801980198
0,517,207,192,4,1039.3069306930693
0,518,207,192,4,1038.4158415841584
0,519,206,192,4,1037.5247524752476
0,520,206,192,4,1036.6336633663366
0,521,206,192,4,1035.7425742574258
0,522,206,192,4,1034.8514851485147
0,523,204,193,4,1033.960396039604
0,524,204,193,4,1033.069306930693
0,525,204,193,4,1032.1782178217823
0,526,204,193,4,1031.2871287128712
0,527,202,193,3,1030.3960396039604
0,528,202,193,3,1029.5049504950496
0,529,202,193,3,1028.6138613861385
0,530,202,193,3,1027.7227722772277
0,531,200,193,3,1026.8316831683169
0,532,200,193,3,1025.9405940594058
0,533,200,193,3,1025.049504950495
0,534,200,193,3,1024.1584158415842
0,535,198,194,3,1023.2673267326733
0,536,198,194,3,1022.3762376237623
0,537,198,194,3,1021.4851485148515
0,538,198,194,3,1020.5940594059406
0,539,198,194,3,1019.7029702970297
0,540,195,194,2,1018.8118811881188
0,541,195,194,2,1017.9207920792079
0,542,195,194,2,1017.029702970297
0,543,195,194,2,1016.1386138613861
0,544,193,194,2,1015.2475247524752
0,545,193,194,2,1014.3564356435643
0,546,193,194,2,1013.4653465346535
0,547,193,194,2,1012.5742574257425
0,548,190,194,2,1011.6831683168316
0,549,190,194,2,1010.7920792079208
0,550,190,194,2,1009.9009900990098
0,551,190,194,2,1009.0099009900989
0,552,187,193,1,1008.1188118811881
0,553,187,193,1,1007.2277227722772
0,554,187,193,1,1006.3366336633662
0,555,187,193,1,1005.4455445544554
0,556,187,193,1,1004.5544554455446
0,557,185,193,1,1003.6633663366335
0,558,185,193,1,1002.7722772277227
0,559,185,193,1,1001.8811881188119
0,560,185,193,1,1000.990099009901
0,561,181,192,1,1000.09900990099
0,562,181,192,1,999.2079207920792
0,563,181,192,1,998.3168316831683
0,564,181,192,1,997.4257425742574
0,565,178,192,1,996.5346534653465
0,566,178,192,1,995.6435643564356
0,567,178,192,1,994.7524752475247
0,568,178,192,1,993.8613861386139
0,569,174,191,1,992.970297029703
0,570,174,191,1,992.0792079207921
0,571,174,191,1,991.1881188118812
0,572,174,191,1,990.2970297029703
0,573,170,190,0,989.4059405940595
0,574,170,190,0,988.5148514851485
0,575,170,190,0,987.6237623762377
0,576,170,190,0,986.7326732673267
0,577,170,190,0,985.8415841584159
0,578,167,189,1,984.950495049505
0,579,167,189,1,984.059405940594
0,580,167,189,1,983.1683168316832
0,581,167,189,1,982.2772277227723
0,582,164,188,1,981.3861386138615
0,583,164,188,1,980.4950495049505
0,584,164,188,1,979.6039603960396
0,585,164,188,1,978.7128712871288
0,586,160,187,1,977.8217821782179
0,587,160,187,1,976.9306930693069
0,588,160,187,1,976.0396039603961
0,589,160,187,1,975.1485148514852
0,590,156,186,1,974.2574257425742
0,591,156,186,1,973.3663366336634
0,592,156,186,1,972.4752475247525
0,593,156,186,1,971.5841584158417
0,594,153,185,1,970.6930693069307
0,595,153,185,1,969.8019801980198
0,596,153,185,1,968.910891089109
0,597,153,185,1,968.019801980198
0,598,153,185,1,967.1287128712871
0,599,149,184,2,966.2376237623763
0,600,149,184,2,965.3465346534654
0,601,149,184,2,964.4554455445544
0,602,149,184,2,963.5643564356436
0,603,145,183,3,962.6732673267327
0,604,145,183,3,961.7821782178218
0,605,145,183,3,960.8910891089109
0,606,145,183,3,960.0
0,607,141,182,4,959.1089108910892
0,608,141,182,4,958.2178217821782
0,609,141,182,4,957.3267326732673
0,610,141,182,4,956.4356435643565
0,611,138,181,5,955.5445544554456
0,612,138,181,5,954.6534653465346
0,613,138,181,5,953.7623762376238
0,614,138,181,5,952.8712871287129
0,615,138,181,5,951.980198019802
0,616,134,180,6,951.0891089108911
0,617,134,180,6,950.1980198019802
0,618,134,180,6,949.3069306930693
0,619,134,180,6,948.4158415841584
0,620,130,179,7,947.5247524752475
0,621,130,179,7,946.6336633663367
0,622,130,179,7,945.7425742574258
0,623,130,179,7,944.8514851485148
0,624,127,178,8,943.960396039604
0,625,127,178,8,943.0693069306931
0,626,127,178,8,942.1782178217821
0,627,127,178,8,941.2871287128713
0,628,123,177,10,940.3960396039604
0,629,123,177,10,939.5049504950495
0,630,123,177,10,938.6138613861386
0,631,123,177,10,937.7227722772277
0,632,119,176,11,936.8316831683169
0,633,119,176,11,935.940594059406
0,634,119,176,11,935.049504950495
0,635,119,176,11,934.1584158415842
0,636,119,176,11,933.2673267326733
0,637,115,174,13,932.3762376237623
0,638,115,174,13,931.4851485148515
0,639,115,174,13,930.5940594059406
0,640,115,174,13,929.7029702970297
0,641,111,173,15,928.8118811881188
0,642,111,173,15,927.9207920792079
0,643,111,173,15,927.029702970297
0,644,111,173,15,926.1386138613861
0,645,106,172,18,925.2475247524752
0,646,106,172,18,924.3564356435644
0,647,106,172,18,923.4653465346535
0,648,106,172,18,922.5742574257425
0,649,102,170,21,921.6831683168317
0,650,102,170,21,920.7920792079208
0,651,102,170,21,919.9009900990098
0,652,102,170,21,919.009900990099
0,653,97,168,24,918.1188118811881
0,654,97,168,24,917.2277227722772
0,655,97,168,24,916.3366336633663
0,656,97,168,24,915.4455445544554
0,657,97,168,24,914.5544554455446
0,658,92,166,27,913.6633663366337
0,659,92,166,27,912.7722772277227
0,660,92,166,27,911.8811881188119
0,661,92,166,27,910.990099009901
0,662,88,164,30,910.09900990099
0,663,88,164,30,909.2079207920792
0,664,88,164,30,908.3168316831683
0,665,88,164,30,907.4257425742574
0,666,83,162,34,906.5346534653465
0,667,83,162,34,905.6435643564356
0,668,83,162,34,904.7524752475247
0,669,83,162,34,903.8613861386139
0,670,79,160,38,902.9702970297029
0,671,79,160,38,902.0792079207921
0,672,79,160,38,901.1881188118812
0,673,79,160,38,900.2970297029702
0,674,73,158,43,899.4059405940594
0,675,73,158,43,898.5148514851485
0,676,73,158,43,897.6237623762376
0,677,73,158,43,896.7326732673267
0,678,73,158,43,895.8415841584158
0,679,69,156,47,894.9504950495049
0,680,69,156,47,894.059405940594
0,681,69,156,47,893.1683168316831
0,682,69,156,47,892.2772277227722
0,683,64,154,52,891.3861386138614
0,684,64,154,52,890.4950495049504
0,685,64,154,52,889.6039603960396
0,686,64,154,52,888.7128712871287
0,687,59,152,57,887.8217821782177
0,688,59,152,57,886.9306930693069
0,689,59,152,57,886.039603960396
0,690,59,152,57,885.1485148514851
0,691,54,150,63,884.2574257425742
0,692,54,150,63,883.3663366336633
0,693,54,150,63,882.4752475247524
0,694,54,150,63,881.5841584158416
0,695,54,150,63,880.6930693069307
0,696,49,148,69,879.8019801980198
0,697,49,148,69,878.910891089109
0,698,49,148,69,878.019801980198
0,699,49,148,69,877.1287128712871
0,700,44,146,74,876.2376237623763
0,701,44,146,74,875.3465346534654
0,702,44,146,74,874.4554455445545
0,703,44,146,74,873.5643564356436
0,704,39,144,82,872.6732673267327
0,705,39,144,82,871.7821782178219
0,706,39,144,82,870.8910891089109
0,707,39,144,82,870.0
0,708,34,142,89,869.1089108910892
0,709,34,142,89,868.2178217821782
0,710,34,142,89,867.3267326732673
0,711,34,142,89,866.4356435643565
0,712,29,140,97,865.5445544554456
0,713,29,140,97,864.6534653465347
0,714,29,140,97,863.7623762376238
0,715,29,140,97,862.8712871287129
0,716,29,140,97,861.9801980198021
0,717,25,138,103,861.0891089108911
0,718,25,138,103,860.1980198019802
0,719,25,138,103,859.3069306930694
0,720,25,138,103,858.4158415841584
0,721,22,136,110,857.5247524752475
0,722,22,136,110,856.6336633663367
0,723,22,136,110,855.7425742574258
0,724,22,136,110,854.8514851485148
0,725,19,134,117,853.960396039604
0,726,19,134,117,853.0693069306931
0,727,19,134,117,852.1782178217823
0,728,19,134,117,851.2871287128713
0,729,16,132,123,850.3960396039604
0,730,16,132,123,849.5049504950496
0,731,16,132,123,848.6138613861386
0,732,16,132,123,847.7227722772277
0,733,14,130,128,846.8316831683169
0,734,14,130,128,845.940594059406
0,735,14,130,128,845.049504950495
0,736,14,130,128,844.1584158415842
0,737,14,130,128,843.2673267326733
0,738,12,128,134,842.3762376237623
0,739,12,128,134,841.4851485148515
0,740,12,128,134,840.5940594059406
0,741,12,128,134,839.7029702970298
0,742,10,126,140,838.8118811881188
0,743,10,126,140,837.9207920792079
0,744,10,126,140,837.0297029702971
0,745,10,126,140,836.1386138613861
0,746,9,124,145,835.2475247524752
0,747,9,124,145,834.3564356435644
0,748,9,124,145,833.4653465346535
0,749,9,124,145,832.5742574257425
0,750,8,122,150,831.6831683168317
0,751,8,122,150,830.7920792079208
0,752,8,122,150,829.90099009901
0,753,8,122,150,829.009900990099
0,754,8,122,150,828.1188118811881
0,755,8,120,154,827.2277227722773
0,756,8,120,154,826.3366336633663
0,757,8,120,154,825.4455445544554
0,758,8,120,154,824.5544554455446
0,759,7,118,158,823.6633663366337
0,760,7,118,158,822.7722772277227
0,761,7,118,158,821.8811881188119
0,762,7,118,158,820.990099009901
0,763,6,116,163,820.09900990099
0,764,6,116,163,819.2079207920792
0,765,6,116,163,818.3168316831683
0,766,6,116,163,817.4257425742575
0,767,5,114,167,816.5346534653465
0,768,5,114,167,815.6435643564356
0,769,5,114,167,814.7524752475248
0,770,5,114,167,813.8613861386139
0,771,5,112,172,812.9702970297029
0,772,5,112,172,812.0792079207921
0,773,5,112,172,811.1881188118812
0,774,5,112,172,810.2970297029702
0,775,5,112,172,809.4059405940594
0,776,4,110,177,808.5148514851485
0,777,4,110,177,807.6237623762377
0,778,4,110,177,806.7326732673267
0,779,4,110,177,805.8415841584158
0,780,4,108,181,804.950495049505
0,781,4,108,181,804.059405940594
0,782,4,108,181,803.1683168316831
0,783,4,108,181,802.2772277227723
0,784,3,106,184,801.3861386138614
0,785,3,106,184,800.4950495049504
0,786,3,106,184,799.6039603960396
0,787,3,106,184,798.7128712871287
0,788,2,104,188,797.8217821782177
0,789,2,104,188,796.9306930693069
0,790,2,104,188,796.039603960396
0,791,2,104,188,795.1485148514852
0,792,2,102,191,794.2574257425742
0,793,2,102,191,793.3663366336633
0,794,2,102,191,792.4752475247525
0,795,2,102,191,791.5841584158416
0,796,2,102,191,790.6930693069306
0,797,2,100,193,789.8019801980198
0,798,2,100,193,788.9108910891089
0,799,2,100,193,788.0198019801979
0,800,2,100,193,787.1287128712871
0,801,1,98,196,786.2376237623762
0,802,1,98,196,785.3465346534653
0,803,1,98,196,784.4554455445544
0,804,1,98,196,783.5643564356435
0,805,1,96,197,782.6732673267327
0,806,1,96,197,781.7821782178218
0,807,1,96,197,780.8910891089108
0,808,1,96,197,780.0
0,809,1,94,199,779.1089108910891
0,810,1,94,199,778.2178217821781
0,811,1,94,199,777.3267326732673
0,812,1,94,199,776.4356435643564
0,813,1,94,199,775.5445544554455
0,814,0,92,200,774.6534653465346
0,815,0,92,200,773.7623762376237
0,816,0,92,200,772.8712871287129
0,817,0,92,200,771.980198019802
0,818,0,90,200,771.089108910891
0,819,0,90,200,770.1980198019802
0,820,0,90,200,769.3069306930693
0,821,0,90,200,768.4158415841584
0,822,0,88,201,767.5247524752476
0,823,0,88,201,766.6336633663367
0,824,0,88,201,765.7425742574258
0,825,0,88,201,764.8514851485149
0,826,0,86,201,763.960396039604
0,827,0,86,201,763.0693069306931
0,828,0,86,201,762.1782178217823
0,829,0,86,201,761.2871287128713
0,830,0,84,201,760.3960396039604
0,831,0,84,201,759.5049504950496
0,832,0,84,201,758.6138613861386
0,833,0,84,201,757.7227722772278
0,834,0,84,201,756.8316831683169
0,835,0,82,201,755.940594059406
0,836,0,82,201,755.0495049504951
0,837,0,82,201,754.1584158415842
0,838,0,82,201,753.2673267326733
0,839,0,80,200,752.3762376237624
0,840,0,80,200,751.4851485148515
0,841,0,80,200,750.5940594059406
0,842,0,80,200,749.7029702970298
0,843,0,78,199,748.8118811881188
0,844,0,78,199,747.9207920792079
0,845,0,78,199,747.0297029702971
0,846,0,78,199,746.1386138613861
0,847,0,76,198,745.2475247524753
0,848,0,76,198,744.3564356435644
0,849,0,76,198,743.4653465346535
0,850,0,76,198,742.5742574257426
0,851,0,74,197,741.6831683168317
0,852,0,74,197,740.7920792079208
0,853,0,74,197,739.90099009901
0,854,0,74,197,739.009900990099
0,855,0,74,197,738.1188118811881
0,856,0,72,196,737.2277227722773
0,857,0,72,196,736.3366336633663
0,858,0,72,196,735.4455445544554
0,859,0,72,196,734.5544554455446
0,860,0,70,194,733.6633663366337
0,861,0,70,194,732.7722772277228
0,862,0,70,194,731.8811881188119
0,863,0,70,194,730.990099009901
0,864,0,68,193,730.0990099009902
0,865,0,68,193,729.2079207920792
0,866,0,68,193,728.3168316831683
0,867,0,68,193,727.4257425742575
0,868,0,66,192,726.5346534653465
0,869,0,66,192,725.6435643564356
0,870,0,66,192,724.7524752475248
0,871,0,66,192,723.8613861386139
0,872,0,64,191,722.970297029703
0,873,0,64,191,722.0792079207921
0,874,0,64,191,721.1881188118812
0,875,0,64,191,720.2970297029703
0,876,0,64,191,719.4059405940594
0,877,0,62,189,718.5148514851485
0,878,0,62,189,717.6237623762377
0,879,0,62,189,716.7326732673267
0,880,0,62,189,715.8415841584158
0,881,0,60,188,714.950495049505
0,882,0,60,188,714.059405940594
0,883,0,60,188,713.1683168316831
0,884,0,60,188,712.2772277227723
0,885,0,58,186,711.3861386138614
0,886,0,58,186,710.4950495049505
0,887,0,58,186,709.6039603960396
0,888,0,58,186,708.7128712871287
0,889,0,56,185,707.8217821782179
0,890,0,56,185,706.9306930693069
0,891,0,56,185,706.039603960396
0,892,0,56,185,705.1485148514852
0,893,0,56,185,704.2574257425742
0,894,0,54,183,703.3663366336633
0,895,0,54,183,702.4752475247525
0,896,0,54,183,701.5841584158416
0,897,0,54,183,700.6930693069307
0,898,0,52,181,699.8019801980198
0,899,0,52,181,698.9108910891089
0,900,0,52,181,698.019801980198
0,901,0,52,181,697.1287128712871
0,902,0,50,178,696.2376237623762
0,903,0,50,178,695.3465346534654
0,904,0,50,178,694.4554455445544
0,905,0,50,178,693.5643564356435
0,906,0,48,176,692.6732673267327
0,907,0,48,176,691.7821782178218
0,908,0,48,176,690.8910891089108
0,909,0,48,176,690.0
0,910,0,46,174,689.1089108910891
0,911,0,46,174,688.2178217821782
0,912,0,46,174,687.3267326732673
0,913,0,46,174,686.4356435643564
0,914,0,46,174,685.5445544554456
0,915,0,44,171,684.6534653465346
0,916,0,44,171,683.7623762376237
0,917,0,44,171,682.8712871287129
0,918,0,44,171,681.980198019802
0,919,0,42,168,681.089108910891
0,920,0,42,168,680.1980198019802
0,921,0,42,168,679.3069306930693
0,922,0,42,168,678.4158415841583
0,923,0,40,166,677.5247524752475
0,924,0,40,166,676.6336633663366
0,925,0,40,166,675.7425742574258
0,926,0,40,166,674.8514851485148
0,927,0,38,163,673.9603960396039
0,928,0,38,163,673.0693069306931
0,929,0,38,163,672.1782178217821
0,930,0,38,163,671.2871287128712
0,931,0,36,160,670.3960396039604
0,932,0,36,160,669.5049504950495
0,933,0,36,160,668.6138613861385
0,934,0,36,160,667.7227722772277
0,935,0,36,160,666.8316831683168
0,936,0,34,158,665.940594059406
0,937,0,34,158,665.049504950495
0,938,0,34,158,664.1584158415841
0,939,0,34,158,663.2673267326733
0,940,0,32,155,662.3762376237623
0,941,0,32,155,661.4851485148514
0,942,0,32,155,660.5940594059406
0,943,0,32,155,659.7029702970297
0,944,0,30,153,658.8118811881187
0,945,0,30,153,657.9207920792079
0,946,0,30,153,657.029702970297
0,947,0,30,153,656.1386138613861
0,948,0,28,150,655.2475247524753
0,949,0,28,150,654.3564356435644
0,950,0,28,150,653.4653465346535
0,951,0,28,150,652.5742574257426
0,952,0,28,150,651.6831683168317
0,953,0,26,148,650.7920792079209
0,954,0,26,148,649.90099009901
0,955,0,26,148,649.009900990099
0,956,0,26,148,648.1188118811882
0,957,0,24,145,647.2277227722773
0,958,0,24,145,646.3366336633663
0,959,0,24,145,645.4455445544555
0,960,0,24,145,644.5544554455446
0,961,0,22,143,643.6633663366337
0,962,0,22,143,642.7722772277228
0,963,0,22,143,641.8811881188119
0,964,0,22,143,640.990099009901
0,965,0,20,140,640.0990099009902
0,966,0,20,140,639.2079207920792
0,967,0,20,140,638.3168316831684
0,968,0,20,140,637.4257425742575
0,969,0,18,138,636.5346534653465
0,970,0,18,138,635.6435643564357
0,971,0,18,138,634.7524752475248
0,972,0,18,138,633.8613861386139
0,973,0,18,138,632.970297029703
0,974,0,16,135,632.0792079207921
0,975,0,16,135,631.1881188118812
0,976,0,16,135,630.2970297029703
0,977,0,16,135,629.4059405940594
0,978,0,14,133,628.5148514851485
0,979,0,14,133,627.6237623762377
0,980,0,14,133,626.7326732673267
0,981,0,14,133,625.8415841584159
0,982,0,12,130,624.950495049505
0,983,0,12,130,624.059405940594
0,984,0,12,130,623.1683168316832
0,985,0,12,130,622.2772277227723
0,986,0,10,128,621.3861386138614
0,987,0,10,128,620.4950495049505
0,988,0,10,128,619.6039603960396
0,989,0,10,128,618.7128712871287
0,990,0,8,126,617.8217821782179
0,991,0,8,126,616.9306930693069
0,992,0,8,126,616.0396039603961
0,993,0,8,126,615.1485148514852
0,994,0,8,126,614.2574257425742
0,995,0,6,124,613.3663366336634
0,996,0,6,124,612.4752475247525
0,997,0,6,124,611.5841584158416
0,998,0,6,124,610.6930693069307
0,999,0,4,122,609.8019801980198
0,1000,0,4,122,608.9108910891089
0,1001,0,4,122,608.019801980198
0,1002,0,4,122,607.1287128712871
0,1003,0,2,119,606.2376237623762
0,1004,0,2,119,605.3465346534654
0,1005,0,2,119,604.4554455445544
0,1006,0,2,119,603.5643564356436
0,1007,0,0,117,602.6732673267327
0,1008,0,0,117,601.7821782178218
0,1009,0,0,117,600.8910891089109
0,1010,0,0,117,600.0
